1;0
1;1
1;2
1;3
1;4
1;5
1;6
1;7
1;8
1;9
1;10
1;11
1;12
1;13
1;14
1;15
1;16
1;17
1;18
1;19
1;20
1;21
1;22
1;23
1;24
1;25
1;26
1;27
1;28
1;29
1;30
1;31
2;32
2;33
2;34
2;35
2;36
2;37
2;38
2;39
2;40
2;41
2;42
2;43
2;44
2;45
2;46
2;47
2;48
2;49
2;50
2;51
2;52
2;53
2;54
2;55
2;56
2;57
2;58
2;59
2;60
2;61
2;62
2;63
3;64
3;65
3;66
3;67
3;68
3;69
3;70
3;71
3;72
3;73
3;74
3;75
4;76
4;77
4;78
4;79
5;80
5;81
5;82
5;83
5;84
5;85
5;86
5;87
5;88
5;89
5;90
5;91
5;92
5;93
5;94
6;95
6;96
6;97
7;98
7;99
8;100
8;101
8;102
8;103
8;104
8;105
9;106
9;107
9;108
10;109
10;110
10;111
10;112
10;113
10;114
10;115
10;116
10;117
10;118
10;119
10;120
10;121
10;122
10;123
10;124
10;125
10;126
10;127
10;128
10;129
10;130
10;131
10;132
10;133
10;134
10;135
10;136
10;137
10;138
10;139
10;140
11;141
11;142
11;143
11;144
11;145
11;146
11;147
11;148
11;149
11;150
11;151
11;152
11;153
11;154
11;155
11;156
11;157
11;158
11;159
11;160
11;161
11;162
11;163
11;164
11;165
11;166
11;167
11;168
11;169
11;170
11;171
11;172
13;173
13;174
13;175
13;176
13;177
13;178
13;179
13;180
13;181
14;182
14;183
14;184
14;185
14;186
14;187
14;188
14;189
14;190
14;191
14;192
14;193
14;194
14;195
14;196
14;197
14;198
14;199
14;200
14;201
14;202
14;203
15;204
15;205
15;206
15;207
15;208
15;209
15;210
15;211
15;212
15;213
15;214
15;215
15;216
15;217
15;218
15;219
15;220
15;221
15;222
15;223
15;224
15;225
15;226
15;227
15;228
15;229
15;230
15;231
15;232
15;233
15;234
15;235
16;236
16;237
16;238
16;239
16;240
16;241
16;242
16;243
16;244
16;245
16;246
16;247
16;248
16;249
16;250
16;251
16;252
16;253
16;254
16;255
16;256
16;257
16;258
16;259
16;260
16;261
16;262
16;263
16;264
16;265
16;266
16;267
17;268
17;269
17;270
17;271
17;272
17;273
17;274
17;275
17;276
17;277
17;278
17;279
17;280
17;281
17;282
17;283
17;284
17;285
17;286
17;287
17;288
17;289
17;290
17;291
17;292
17;293
17;294
17;295
17;296
17;297
17;298
17;299
18;300
18;301
18;302
18;303
18;304
18;305
18;306
18;307
18;308
18;309
18;310
18;311
18;312
18;313
18;314
18;315
18;316
18;317
18;318
18;319
18;320
18;321
18;322
18;323
18;324
18;325
18;326
18;327
18;328
18;329
18;330
18;331
19;332
19;333
19;334
19;335
19;336
19;337
19;338
19;339
19;340
19;341
19;342
19;343
19;344
19;345
19;346
19;347
19;348
19;349
19;350
19;351
19;352
19;353
19;354
19;355
19;356
19;357
19;358
19;359
19;360
19;361
19;362
19;363
20;364
20;365
20;366
20;367
20;368
20;369
20;370
20;371
20;372
20;373
20;374
20;375
20;376
20;377
20;378
20;379
20;380
20;381
20;382
20;383
20;384
20;385
20;386
20;387
20;388
20;389
20;390
20;391
20;392
20;393
20;394
20;395
21;396
21;397
21;398
21;399
21;400
21;401
21;402
21;403
21;404
21;405
21;406
21;407
21;408
21;409
21;410
21;411
21;412
21;413
21;414
21;415
21;416
21;417
21;418
21;419
21;420
21;421
21;422
21;423
21;424
21;425
21;426
21;427
22;428
22;429
22;430
22;431
22;432
22;433
22;434
22;435
22;436
22;437
22;438
22;439
22;440
22;441
22;442
22;443
22;444
22;445
22;446
22;447
22;448
22;449
22;450
22;451
22;452
22;453
22;454
22;455
22;456
22;457
22;458
22;459
23;460
23;461
23;462
23;463
23;464
23;465
23;466
23;467
23;468
23;469
23;470
23;471
23;472
23;473
23;474
23;475
23;476
23;477
23;478
23;479
23;480
23;481
23;482
23;483
23;484
23;485
23;486
23;487
23;488
23;489
23;490
23;491
24;492
24;493
24;494
24;495
24;496
24;497
24;498
24;499
24;500
24;501
24;502
24;503
24;504
24;505
24;506
25;507
25;508
25;509
25;510
25;511
25;512
25;513
25;514
25;515
25;516
25;517
25;518
25;519
25;520
25;521
25;522
25;523
25;524
25;525
25;526
25;527
25;528
25;529
25;530
25;531
25;532
25;533
25;534
25;535
25;536
25;537
25;538
26;539
26;540
26;541
26;542
26;543
26;544
26;545
26;546
26;547
26;548
26;549
26;550
26;551
26;552
26;553
26;554
26;555
26;556
26;557
26;558
26;559
26;560
26;561
26;562
26;563
26;564
26;565
26;566
26;567
26;568
26;569
26;570
27;571
27;572
27;573
27;574
27;575
27;576
27;577
27;578
27;579
27;580
27;581
27;582
27;583
27;584
27;585
27;586
27;587
27;588
27;589
27;590
27;591
27;592
27;593
27;594
27;595
27;596
27;597
27;598
27;599
28;600
29;601
29;602
29;603
29;604
29;605
29;606
29;607
29;608
29;609
29;610
29;611
29;612
29;613
29;614
29;615
29;616
29;617
29;618
29;619
29;620
29;621
29;622
29;623
29;624
29;625
29;626
31;627
31;628
31;629
31;630
31;631
31;632
31;633
31;634
31;635
31;636
31;637
31;638
31;639
31;640
31;641
31;642
31;643
31;644
31;645
31;646
31;647
31;648
31;649
31;650
31;651
31;652
31;653
31;654
31;655
31;656
31;657
31;658
32;659
32;660
32;661
32;662
32;663
32;664
32;665
32;666
32;667
32;668
32;669
32;670
32;671
32;672
32;673
32;674
32;675
32;676
32;677
32;678
32;679
32;680
32;681
32;682
32;683
32;684
32;685
32;686
32;687
32;688
32;689
32;690
33;691
33;692
33;693
33;694
33;695
33;696
33;697
33;698
33;699
33;700
33;701
33;702
33;703
33;704
33;705
33;706
33;707
33;708
33;709
33;710
33;711
33;712
33;713
33;714
33;715
33;716
33;717
33;718
33;719
33;720
33;721
33;722
34;723
34;724
34;725
34;726
34;727
34;728
34;729
34;730
34;731
34;732
34;733
34;734
34;735
34;736
34;737
34;738
34;739
34;740
34;741
34;742
34;743
34;744
34;745
34;746
34;747
34;748
34;749
34;750
34;751
34;752
34;753
34;754
35;755
35;756
35;757
35;758
35;759
35;760
35;761
35;762
35;763
35;764
35;765
35;766
35;767
35;768
35;769
35;770
35;771
35;772
35;773
35;774
35;775
35;776
35;777
35;778
35;779
35;780
35;781
35;782
35;783
35;784
35;785
35;786
36;787
36;788
36;789
36;790
36;791
36;792
36;793
36;794
36;795
36;796
36;797
36;798
36;799
36;800
36;801
36;802
36;803
36;804
36;805
36;806
36;807
36;808
36;809
36;810
36;811
36;812
36;813
36;814
36;815
36;816
36;817
36;818
37;819
37;820
37;821
37;822
37;823
37;824
37;825
37;826
37;827
37;828
37;829
37;830
37;831
37;832
37;833
37;834
37;835
37;836
37;837
37;838
37;839
37;840
37;841
37;842
37;843
37;844
37;845
37;846
37;847
37;848
37;849
37;850
38;851
38;852
38;853
38;854
38;855
38;856
38;857
38;858
38;859
38;860
38;861
38;862
38;863
38;864
38;865
38;866
38;867
38;868
38;869
38;870
38;871
38;872
38;873
38;874
38;875
38;876
38;877
38;878
38;879
38;880
38;881
38;882
39;883
39;884
39;885
39;886
39;887
39;888
39;889
39;890
39;891
39;892
39;893
39;894
39;895
39;896
39;897
39;898
40;899
40;900
40;901
40;902
40;903
40;904
40;905
40;906
40;907
40;908
40;909
40;910
40;911
40;912
40;913
41;914
42;915
42;916
42;917
42;918
42;919
42;920
42;921
42;922
42;923
42;924
42;925
42;926
42;927
42;928
42;929
42;930
42;931
42;932
42;933
42;934
42;935
42;936
42;937
42;938
42;939
42;940
42;941
42;942
42;943
42;944
42;945
42;946
43;947
43;948
43;949
43;950
43;951
43;952
43;953
43;954
43;955
43;956
43;957
43;958
43;959
43;960
44;961
44;962
44;963
44;964
45;965
45;966
45;967
45;968
46;969
46;970
46;971
46;972
46;973
46;974
46;975
46;976
46;977
46;978
46;979
46;980
46;981
46;982
47;983
47;984
47;985
47;986
47;987
47;988
47;989
47;990
47;991
47;992
47;993
47;994
47;995
47;996
47;997
47;998
47;999
47;1000
47;1001
47;1002
47;1003
47;1004
47;1005
47;1006
47;1007
47;1008
47;1009
47;1010
47;1011
47;1012
47;1013
47;1014
48;1015
48;1016
48;1017
48;1018
48;1019
48;1020
48;1021
48;1022
48;1023
48;1024
48;1025
48;1026
48;1027
48;1028
48;1029
48;1030
48;1031
48;1032
48;1033
48;1034
48;1035
48;1036
48;1037
48;1038
48;1039
48;1040
48;1041
48;1042
48;1043
48;1044
48;1045
48;1046
49;1047
49;1048
49;1049
49;1050
49;1051
49;1052
49;1053
49;1054
49;1055
49;1056
49;1057
49;1058
49;1059
49;1060
49;1061
49;1062
49;1063
49;1064
49;1065
49;1066
49;1067
49;1068
49;1069
49;1070
49;1071
49;1072
49;1073
49;1074
49;1075
49;1076
49;1077
49;1078
50;1079
50;1080
50;1081
50;1082
50;1083
50;1084
50;1085
50;1086
50;1087
50;1088
50;1089
50;1090
50;1091
50;1092
50;1093
50;1094
50;1095
50;1096
50;1097
50;1098
50;1099
50;1100
50;1101
50;1102
50;1103
50;1104
50;1105
50;1106
50;1107
50;1108
50;1109
50;1110
51;1111
51;1112
51;1113
51;1114
51;1115
51;1116
51;1117
51;1118
51;1119
51;1120
51;1121
51;1122
51;1123
51;1124
51;1125
51;1126
51;1127
51;1128
51;1129
51;1130
51;1131
51;1132
51;1133
51;1134
51;1135
51;1136
51;1137
51;1138
51;1139
51;1140
51;1141
51;1142
52;1143
52;1144
52;1145
52;1146
52;1147
52;1148
52;1149
52;1150
52;1151
52;1152
52;1153
52;1154
52;1155
52;1156
52;1157
52;1158
52;1159
52;1160
52;1161
52;1162
52;1163
52;1164
52;1165
52;1166
52;1167
52;1168
52;1169
52;1170
52;1171
52;1172
52;1173
52;1174
53;1175
53;1176
53;1177
53;1178
53;1179
53;1180
53;1181
53;1182
53;1183
53;1184
53;1185
53;1186
53;1187
53;1188
53;1189
53;1190
53;1191
53;1192
53;1193
53;1194
53;1195
53;1196
53;1197
53;1198
53;1199
53;1200
53;1201
53;1202
53;1203
53;1204
53;1205
53;1206
54;1207
54;1208
54;1209
54;1210
54;1211
54;1212
54;1213
54;1214
54;1215
54;1216
55;1217
55;1218
55;1219
55;1220
55;1221
55;1222
55;1223
55;1224
55;1225
55;1226
55;1227
55;1228
55;1229
55;1230
55;1231
55;1232
55;1233
55;1234
55;1235
55;1236
55;1237
55;1238
55;1239
55;1240
55;1241
55;1242
55;1243
55;1244
55;1245
55;1246
55;1247
55;1248
56;1249
56;1250
56;1251
56;1252
56;1253
56;1254
56;1255
56;1256
56;1257
56;1258
56;1259
57;1260
57;1261
57;1262
57;1263
57;1264
57;1265
57;1266
57;1267
57;1268
57;1269
57;1270
57;1271
57;1272
57;1273
57;1274
57;1275
57;1276
57;1277
57;1278
57;1279
57;1280
57;1281
57;1282
57;1283
57;1284
57;1285
57;1286
57;1287
57;1288
57;1289
57;1290
57;1291
58;1292
58;1293
58;1294
58;1295
58;1296
58;1297
58;1298
58;1299
58;1300
58;1301
58;1302
58;1303
58;1304
58;1305
58;1306
58;1307
58;1308
58;1309
58;1310
58;1311
58;1312
58;1313
58;1314
58;1315
58;1316
58;1317
58;1318
58;1319
58;1320
58;1321
58;1322
58;1323
59;1324
59;1325
59;1326
60;1327
60;1328
61;1329
61;1330
62;1331
62;1332
62;1333
63;1334
63;1335
63;1336
63;1337
64;1338
64;1339
64;1340
64;1341
65;1342
65;1343
65;1344
66;1345
66;1346
66;1347
67;1348
67;1349
67;1350
68;1351
68;1352
68;1353
69;1354
69;1355
69;1356
69;1357
69;1358
69;1359
69;1360
69;1361
69;1362
69;1363
69;1364
69;1365
69;1366
69;1367
69;1368
69;1369
69;1370
69;1371
69;1372
69;1373
69;1374
69;1375
69;1376
69;1377
69;1378
69;1379
69;1380
69;1381
69;1382
69;1383
69;1384
69;1385
70;1386
70;1387
70;1388
70;1389
70;1390
70;1391
70;1392
70;1393
70;1394
70;1395
70;1396
70;1397
70;1398
70;1399
70;1400
70;1401
70;1402
70;1403
70;1404
70;1405
70;1406
70;1407
70;1408
70;1409
70;1410
70;1411
70;1412
70;1413
70;1414
70;1415
70;1416
70;1417
71;1418
71;1419
71;1420
71;1421
71;1422
71;1423
71;1424
71;1425
71;1426
71;1427
71;1428
71;1429
71;1430
71;1431
71;1432
71;1433
71;1434
71;1435
71;1436
71;1437
71;1438
71;1439
71;1440
71;1441
71;1442
71;1443
71;1444
71;1445
71;1446
71;1447
71;1448
71;1449
72;1450
72;1451
72;1452
72;1453
72;1454
72;1455
72;1456
72;1457
72;1458
72;1459
72;1460
72;1461
72;1462
72;1463
72;1464
72;1465
72;1466
72;1467
72;1468
72;1469
72;1470
72;1471
72;1472
72;1473
72;1474
72;1475
72;1476
72;1477
72;1478
72;1479
72;1480
72;1481
73;1482
73;1483
73;1484
73;1485
73;1486
73;1487
73;1488
73;1489
73;1490
73;1491
73;1492
73;1493
73;1494
73;1495
73;1496
73;1497
73;1498
73;1499
73;1500
73;1501
73;1502
73;1503
73;1504
73;1505
73;1506
73;1507
73;1508
73;1509
73;1510
73;1511
73;1512
73;1513
74;1514
74;1515
74;1516
74;1517
74;1518
74;1519
74;1520
74;1521
74;1522
74;1523
74;1524
74;1525
74;1526
74;1527
74;1528
74;1529
74;1530
74;1531
74;1532
74;1533
74;1534
74;1535
74;1536
74;1537
74;1538
74;1539
74;1540
74;1541
74;1542
74;1543
74;1544
74;1545
75;1546
75;1547
75;1548
75;1549
75;1550
75;1551
75;1552
75;1553
75;1554
75;1555
75;1556
75;1557
75;1558
75;1559
75;1560
75;1561
75;1562
75;1563
75;1564
75;1565
75;1566
75;1567
75;1568
75;1569
75;1570
75;1571
75;1572
75;1573
75;1574
75;1575
75;1576
75;1577
76;1578
76;1579
76;1580
76;1581
76;1582
76;1583
76;1584
76;1585
76;1586
76;1587
76;1588
76;1589
76;1590
76;1591
76;1592
76;1593
76;1594
77;1595
77;1596
77;1597
77;1598
77;1599
77;1600
77;1601
77;1602
77;1603
77;1604
77;1605
77;1606
77;1607
77;1608
78;1609
78;1610
78;1611
78;1612
78;1613
78;1614
78;1615
78;1616
78;1617
78;1618
78;1619
78;1620
78;1621
78;1622
78;1623
78;1624
78;1625
78;1626
78;1627
78;1628
78;1629
78;1630
78;1631
78;1632
78;1633
78;1634
78;1635
78;1636
78;1637
78;1638
78;1639
78;1640
79;1641
79;1642
79;1643
79;1644
79;1645
79;1646
79;1647
79;1648
79;1649
79;1650
79;1651
79;1652
79;1653
79;1654
79;1655
79;1656
79;1657
79;1658
79;1659
79;1660
79;1661
79;1662
79;1663
79;1664
79;1665
79;1666
79;1667
79;1668
79;1669
79;1670
79;1671
79;1672
80;1673
80;1674
80;1675
81;1676
81;1677
81;1678
82;1679
82;1680
82;1681
82;1682
82;1683
82;1684
82;1685
82;1686
82;1687
82;1688
82;1689
82;1690
82;1691
82;1692
82;1693
82;1694
82;1695
82;1696
82;1697
82;1698
82;1699
82;1700
82;1701
82;1702
82;1703
83;1704
83;1705
83;1706
83;1707
83;1708
83;1709
83;1710
83;1711
83;1712
83;1713
83;1714
83;1715
83;1716
83;1717
83;1718
83;1719
83;1720
83;1721
83;1722
83;1723
83;1724
83;1725
83;1726
83;1727
83;1728
83;1729
83;1730
83;1731
83;1732
83;1733
83;1734
83;1735
84;1736
84;1737
84;1738
84;1739
84;1740
84;1741
84;1742
84;1743
84;1744
84;1745
84;1746
84;1747
84;1748
84;1749
84;1750
84;1751
84;1752
84;1753
84;1754
84;1755
84;1756
84;1757
84;1758
84;1759
84;1760
84;1761
84;1762
84;1763
84;1764
84;1765
84;1766
84;1767
85;1768
85;1769
85;1770
85;1771
85;1772
85;1773
85;1774
85;1775
85;1776
85;1777
85;1778
85;1779
85;1780
85;1781
85;1782
85;1783
85;1784
85;1785
85;1786
85;1787
85;1788
85;1789
85;1790
85;1791
85;1792
85;1793
85;1794
85;1795
85;1796
85;1797
85;1798
85;1799
86;1800
86;1801
86;1802
86;1803
86;1804
86;1805
86;1806
86;1807
86;1808
86;1809
86;1810
86;1811
86;1812
86;1813
86;1814
86;1815
86;1816
86;1817
87;1818
88;1819
88;1820
88;1821
88;1822
88;1823
88;1824
88;1825
88;1826
88;1827
88;1828
88;1829
88;1830
88;1831
88;1832
88;1833
88;1834
88;1835
88;1836
88;1837
88;1838
88;1839
88;1840
88;1841
88;1842
89;1843
89;1844
89;1845
89;1846
89;1847
89;1848
89;1849
89;1850
89;1851
89;1852
89;1853
89;1854
89;1855
89;1856
89;1857
89;1858
90;1859
90;1860
90;1861
90;1862
90;1863
90;1864
90;1865
90;1866
90;1867
90;1868
90;1869
90;1870
90;1871
90;1872
90;1873
91;1874
91;1875
91;1876
91;1877
91;1878
91;1879
91;1880
91;1881
92;1882
92;1883
92;1884
93;1885
93;1886
93;1887
93;1888
93;1889
93;1890
93;1891
93;1892
93;1893
93;1894
93;1895
93;1896
93;1897
93;1898
93;1899
93;1900
93;1901
93;1902
93;1903
93;1904
93;1905
93;1906
94;1907
94;1908
94;1909
94;1910
94;1911
94;1912
94;1913
94;1914
94;1915
94;1916
94;1917
94;1918
94;1919
94;1920
94;1921
94;1922
94;1923
94;1924
94;1925
94;1926
94;1927
94;1928
94;1929
94;1930
94;1931
94;1932
94;1933
94;1934
94;1935
94;1936
94;1937
94;1938
95;1939
95;1940
95;1941
96;1942
96;1943
96;1944
96;1945
96;1946
96;1947
96;1948
96;1949
96;1950
96;1951
96;1952
96;1953
96;1954
96;1955
96;1956
96;1957
96;1958
96;1959
96;1960
96;1961
96;1962
96;1963
96;1964
96;1965
96;1966
96;1967
96;1968
96;1969
96;1970
96;1971
96;1972
97;1973
97;1974
97;1975
97;1976
97;1977
97;1978
97;1979
97;1980
97;1981
97;1982
97;1983
97;1984
97;1985
97;1986
97;1987
97;1988
97;1989
97;1990
97;1991
97;1992
97;1993
97;1994
97;1995
97;1996
97;1997
97;1998
97;1999
97;2000
97;2001
97;2002
97;2003
97;2004
98;2005
98;2006
98;2007
98;2008
98;2009
98;2010
98;2011
98;2012
98;2013
98;2014
98;2015
98;2016
98;2017
98;2018
98;2019
98;2020
98;2021
98;2022
98;2023
98;2024
98;2025
98;2026
98;2027
98;2028
98;2029
98;2030
98;2031
98;2032
98;2033
98;2034
98;2035
98;2036
99;2037
99;2038
99;2039
99;2040
99;2041
99;2042
99;2043
99;2044
99;2045
99;2046
99;2047
99;2048
99;2049
99;2050
99;2051
99;2052
99;2053
99;2054
99;2055
99;2056
99;2057
99;2058
99;2059
99;2060
99;2061
99;2062
99;2063
99;2064
99;2065
99;2066
99;2067
99;2068
100;2069
100;2070
100;2071
100;2072
100;2073
100;2074
100;2075
100;2076
100;2077
101;2078
101;2079
101;2080
101;2081
101;2082
101;2083
101;2084
101;2085
101;2086
102;2087
102;2088
102;2089
102;2090
102;2091
102;2092
102;2093
102;2094
102;2095
102;2096
102;2097
102;2098
102;2099
102;2100
102;2101
102;2102
102;2103
102;2104
102;2105
102;2106
102;2107
102;2108
102;2109
102;2110
102;2111
102;2112
102;2113
102;2114
102;2115
102;2116
102;2117
102;2118
103;2119
103;2120
103;2121
103;2122
103;2123
103;2124
103;2125
103;2126
103;2127
103;2128
103;2129
103;2130
103;2131
104;2132
104;2133
104;2134
104;2135
105;2136
105;2137
105;2138
105;2139
105;2140
105;2141
105;2142
105;2143
105;2144
105;2145
105;2146
105;2147
105;2148
105;2149
105;2150
105;2151
105;2152
105;2153
106;2154
106;2155
106;2156
106;2157
106;2158
106;2159
106;2160
107;2161
107;2162
107;2163
107;2164
107;2165
107;2166
107;2167
107;2168
108;2169
108;2170
108;2171
108;2172
108;2173
108;2174
108;2175
108;2176
108;2177
108;2178
108;2179
108;2180
108;2181
108;2182
108;2183
108;2184
108;2185
108;2186
108;2187
108;2188
108;2189
108;2190
108;2191
108;2192
108;2193
108;2194
108;2195
108;2196
108;2197
108;2198
108;2199
108;2200
109;2201
109;2202
109;2203
109;2204
109;2205
109;2206
109;2207
109;2208
109;2209
109;2210
109;2211
109;2212
109;2213
109;2214
109;2215
109;2216
109;2217
109;2218
109;2219
109;2220
109;2221
109;2222
109;2223
109;2224
109;2225
109;2226
109;2227
109;2228
109;2229
109;2230
109;2231
109;2232
110;2233
110;2234
110;2235
110;2236
110;2237
110;2238
110;2239
110;2240
110;2241
110;2242
110;2243
110;2244
110;2245
110;2246
110;2247
110;2248
110;2249
110;2250
110;2251
110;2252
110;2253
110;2254
110;2255
110;2256
110;2257
110;2258
110;2259
110;2260
110;2261
110;2262
110;2263
110;2264
111;2265
112;2266
112;2267
112;2268
112;2269
112;2270
112;2271
112;2272
112;2273
112;2274
112;2275
112;2276
112;2277
112;2278
112;2279
112;2280
112;2281
112;2282
112;2283
112;2284
112;2285
112;2286
112;2287
112;2288
112;2289
112;2290
112;2291
112;2292
112;2293
112;2294
112;2295
112;2296
112;2297
113;2298
113;2299
113;2300
113;2301
113;2302
113;2303
113;2304
113;2305
113;2306
113;2307
113;2308
113;2309
113;2310
113;2311
113;2312
113;2313
113;2314
113;2315
113;2316
113;2317
113;2318
113;2319
113;2320
113;2321
113;2322
113;2323
113;2324
113;2325
113;2326
113;2327
113;2328
113;2329
114;2330
114;2331
114;2332
114;2333
114;2334
114;2335
114;2336
114;2337
114;2338
115;2339
115;2340
115;2341
115;2342
115;2343
116;2344
116;2345
116;2346
116;2347
116;2348
116;2349
116;2350
116;2351
116;2352
116;2353
116;2354
116;2355
116;2356
116;2357
116;2358
116;2359
116;2360
116;2361
116;2362
116;2363
116;2364
116;2365
116;2366
116;2367
116;2368
116;2369
116;2370
116;2371
116;2372
116;2373
116;2374
116;2375
117;2376
117;2377
117;2378
117;2379
117;2380
117;2381
117;2382
117;2383
117;2384
117;2385
117;2386
117;2387
117;2388
117;2389
117;2390
117;2391
117;2392
117;2393
117;2394
117;2395
117;2396
117;2397
117;2398
117;2399
117;2400
117;2401
117;2402
117;2403
117;2404
117;2405
117;2406
117;2407
118;2408
118;2409
118;2410
118;2411
118;2412
118;2413
118;2414
119;2415
119;2416
119;2417
119;2418
119;2419
119;2420
119;2421
119;2422
119;2423
119;2424
119;2425
119;2426
119;2427
119;2428
119;2429
119;2430
119;2431
119;2432
119;2433
119;2434
119;2435
119;2436
119;2437
119;2438
119;2439
119;2440
119;2441
119;2442
119;2443
120;2444
120;2445
120;2446
120;2447
120;2448
121;2449
121;2450
121;2451
121;2452
121;2453
121;2454
121;2455
121;2456
121;2457
121;2458
121;2459
121;2460
121;2461
121;2462
121;2463
121;2464
121;2465
121;2466
121;2467
121;2468
121;2469
121;2470
121;2471
121;2472
121;2473
121;2474
121;2475
121;2476
122;2477
122;2478
122;2479
122;2480
122;2481
122;2482
122;2483
122;2484
122;2485
122;2486
122;2487
122;2488
122;2489
122;2490
122;2491
122;2492
122;2493
122;2494
122;2495
122;2496
122;2497
122;2498
122;2499
122;2500
122;2501
122;2502
122;2503
122;2504
122;2505
122;2506
122;2507
122;2508
123;2509
123;2510
123;2511
123;2512
123;2513
123;2514
123;2515
123;2516
123;2517
123;2518
123;2519
123;2520
123;2521
123;2522
123;2523
123;2524
123;2525
123;2526
123;2527
123;2528
123;2529
123;2530
123;2531
123;2532
123;2533
123;2534
123;2535
123;2536
123;2537
123;2538
123;2539
123;2540
124;2541
124;2542
124;2543
124;2544
124;2545
124;2546
124;2547
124;2548
124;2549
124;2550
124;2551
124;2552
124;2553
124;2554
124;2555
124;2556
124;2557
124;2558
124;2559
124;2560
124;2561
124;2562
124;2563
124;2564
124;2565
124;2566
124;2567
124;2568
124;2569
124;2570
124;2571
124;2572
125;2573
125;2574
125;2575
125;2576
125;2577
125;2578
125;2579
125;2580
125;2581
125;2582
125;2583
125;2584
125;2585
125;2586
125;2587
125;2588
125;2589
125;2590
125;2591
125;2592
125;2593
125;2594
125;2595
125;2596
125;2597
125;2598
125;2599
125;2600
125;2601
125;2602
125;2603
125;2604
126;2605
126;2606
126;2607
126;2608
126;2609
126;2610
126;2611
126;2612
126;2613
126;2614
126;2615
126;2616
126;2617
126;2618
126;2619
126;2620
126;2621
126;2622
126;2623
126;2624
126;2625
126;2626
126;2627
126;2628
126;2629
126;2630
126;2631
126;2632
126;2633
126;2634
126;2635
126;2636
127;2637
127;2638
127;2639
127;2640
127;2641
127;2642
127;2643
127;2644
127;2645
127;2646
127;2647
127;2648
127;2649
127;2650
127;2651
127;2652
128;2653
128;2654
128;2655
128;2656
128;2657
128;2658
128;2659
128;2660
128;2661
128;2662
128;2663
128;2664
128;2665
128;2666
128;2667
128;2668
128;2669
128;2670
128;2671
128;2672
128;2673
128;2674
128;2675
128;2676
128;2677
128;2678
128;2679
128;2680
128;2681
128;2682
128;2683
128;2684
129;2685
129;2686
129;2687
129;2688
129;2689
129;2690
129;2691
129;2692
129;2693
129;2694
129;2695
129;2696
129;2697
129;2698
129;2699
129;2700
129;2701
129;2702
129;2703
129;2704
130;2705
130;2706
130;2707
130;2708
130;2709
130;2710
130;2711
130;2712
130;2713
130;2714
130;2715
130;2716
130;2717
130;2718
130;2719
130;2720
130;2721
130;2722
130;2723
130;2724
130;2725
130;2726
130;2727
130;2728
130;2729
130;2730
130;2731
130;2732
130;2733
130;2734
130;2735
130;2736
131;2737
131;2738
131;2739
132;2740
132;2741
133;2742
133;2743
133;2744
134;2745
134;2746
134;2747
134;2748
134;2749
134;2750
134;2751
134;2752
134;2753
134;2754
134;2755
134;2756
134;2757
134;2758
134;2759
134;2760
134;2761
134;2762
134;2763
134;2764
134;2765
134;2766
134;2767
135;2768
135;2769
135;2770
135;2771
135;2772
135;2773
135;2774
135;2775
135;2776
137;2777
137;2778
137;2779
137;2780
137;2781
137;2782
137;2783
137;2784
137;2785
137;2786
137;2787
137;2788
137;2789
137;2790
137;2791
137;2792
137;2793
137;2794
137;2795
137;2796
137;2797
137;2798
137;2799
137;2800
137;2801
137;2802
137;2803
137;2804
137;2805
137;2806
137;2807
137;2808
138;2809
138;2810
138;2811
138;2812
138;2813
138;2814
138;2815
138;2816
138;2817
138;2818
138;2819
138;2820
138;2821
138;2822
138;2823
138;2824
138;2825
138;2826
138;2827
138;2828
138;2829
138;2830
138;2831
138;2832
138;2833
138;2834
138;2835
138;2836
138;2837
138;2838
138;2839
138;2840
139;2841
139;2842
139;2843
139;2844
139;2845
139;2846
139;2847
139;2848
139;2849
139;2850
139;2851
139;2852
139;2853
139;2854
139;2855
139;2856
139;2857
139;2858
139;2859
139;2860
139;2861
139;2862
139;2863
139;2864
139;2865
139;2866
139;2867
139;2868
139;2869
139;2870
139;2871
139;2872
140;2873
140;2874
140;2875
140;2876
140;2877
140;2878
140;2879
140;2880
140;2881
140;2882
140;2883
140;2884
140;2885
140;2886
140;2887
140;2888
140;2889
140;2890
140;2891
140;2892
140;2893
140;2894
140;2895
140;2896
140;2897
140;2898
140;2899
140;2900
140;2901
140;2902
140;2903
140;2904
141;2905
141;2906
141;2907
141;2908
141;2909
141;2910
141;2911
141;2912
141;2913
141;2914
141;2915
141;2916
141;2917
141;2918
141;2919
141;2920
141;2921
141;2922
141;2923
141;2924
141;2925
141;2926
141;2927
141;2928
141;2929
141;2930
141;2931
141;2932
141;2933
141;2934
141;2935
141;2936
142;2937
142;2938
142;2939
142;2940
142;2941
142;2942
142;2943
142;2944
142;2945
142;2946
142;2947
142;2948
142;2949
142;2950
142;2951
142;2952
142;2953
142;2954
142;2955
142;2956
142;2957
142;2958
142;2959
142;2960
142;2961
142;2962
142;2963
142;2964
142;2965
142;2966
142;2967
142;2968
143;2969
143;2970
143;2971
143;2972
143;2973
143;2974
143;2975
143;2976
143;2977
143;2978
143;2979
143;2980
143;2981
143;2982
143;2983
143;2984
143;2985
143;2986
143;2987
143;2988
143;2989
143;2990
143;2991
144;2992
144;2993
144;2994
144;2995
144;2996
144;2997
144;2998
144;2999
144;3000
144;3001
144;3002
144;3003
144;3004
144;3005
144;3006
144;3007
144;3008
144;3009
145;3010
145;3011
145;3012
145;3013
145;3014
145;3015
145;3016
145;3017
145;3018
145;3019
145;3020
145;3021
145;3022
145;3023
145;3024
145;3025
145;3026
145;3027
146;3028
146;3029
146;3030
146;3031
146;3032
146;3033
146;3034
146;3035
146;3036
146;3037
146;3038
146;3039
146;3040
146;3041
146;3042
146;3043
146;3044
146;3045
146;3046
146;3047
146;3048
146;3049
146;3050
146;3051
146;3052
146;3053
146;3054
146;3055
146;3056
146;3057
146;3058
146;3059
147;3060
147;3061
147;3062
147;3063
147;3064
147;3065
147;3066
147;3067
147;3068
147;3069
147;3070
147;3071
147;3072
147;3073
147;3074
147;3075
147;3076
147;3077
147;3078
147;3079
147;3080
147;3081
147;3082
147;3083
147;3084
147;3085
147;3086
147;3087
147;3088
147;3089
147;3090
147;3091
148;3092
148;3093
148;3094
148;3095
148;3096
148;3097
148;3098
148;3099
148;3100
148;3101
148;3102
148;3103
148;3104
148;3105
148;3106
148;3107
148;3108
148;3109
148;3110
148;3111
148;3112
148;3113
148;3114
148;3115
148;3116
148;3117
148;3118
148;3119
148;3120
148;3121
148;3122
148;3123
149;3124
149;3125
149;3126
149;3127
149;3128
149;3129
149;3130
149;3131
149;3132
149;3133
149;3134
149;3135
149;3136
149;3137
149;3138
149;3139
149;3140
149;3141
149;3142
149;3143
149;3144
149;3145
149;3146
149;3147
149;3148
149;3149
149;3150
149;3151
149;3152
149;3153
149;3154
149;3155